{
  "model_name": "Logistic Regression",
  "f1_score": 0.9684908789386402,
  "accuracy": 0.9816425120772947,
  "precision": 0.9636963696369637,
  "recall": 0.9733333333333334,
  "training_timestamp": "2025-11-09T02:02:50",
  "feature_count": 3000,
  "vectorizer_config": {
    "max_features": 3000,
    "ngram_range": [
      1,
      2
    ],
    "min_df": 2,
    "max_df": 0.95,
    "sublinear_tf": true
  }
}